{"cameraMode":{"drawMode":0,"name":"Shaded","section":"Shading Mode"},"sceneLighting":true,"audioPlay":false,"sceneViewState":{"m_AlwaysRefresh":false,"showFog":true,"showSkybox":true,"showFlares":true,"showImageEffects":true,"showParticleSystems":true,"showVisualEffectGraphs":true,"m_FxEnabled":true},"in2DMode":false,"pivot":{"x":-1.1084023714065552,"y":-3.4488959312438967,"z":13.019525527954102},"rotation":{"x":0.14776119589805604,"y":0.08147809654474259,"z":-0.012468627654016018,"w":0.9857381582260132},"size":10.1157808303833,"orthographic":false}